gpdm,gpmc,gplx,zxj,zsz,zsz_d,mgsy,roe,cjl_hand,syl_dynamic,zzc,zzc_d,zfz,zfz_d,gdqyhj,gdqyhj_d,jlrtb,ystbl,zys,zys_d,zlr,zlr_d,jlr,jlr_d,ldbl,sdbl,gsnzjz_jlr,gsnzjz_ys
300244,迪安诊断,医药制造,35.40,219.6亿,21960000000.0,0.546,6.93,22.82万,16.22,133.71亿,13371000000.0,67.30亿,6730000000.0,66.41亿,6641000000.0,4989.85,87.13,28.68亿,2868000000.0,4.88亿,488000000.0,3.39亿,339000000.0,1.560,1.342,5453.56,99.79
688606,奥泰生物,医药制造,140.01,75.47亿,7547000000.0,3.720,14.34,8627,12.56,30.13亿,3013000000.0,2.47亿,247000000.00000003,27.66亿,2766000000.0,368.54,325.63,2.88亿,288000000.0,1.74亿,174000000.0,1.50亿,150000000.0,11.61,11.09,2773.56,2454.31
300639,凯普生物,医药制造,31.12,91.46亿,9146000000.0,0.585,6.37,14.22万,13.30,32.29亿,3229000000.0,4.90亿,490000000.00000006,27.39亿,2739000000.0,771.05,307.09,6.09亿,609000000.0,2.27亿,227000000.0,1.72亿,172000000.0,4.721,4.332,907.1,364.27
002030,达安基因,医药制造,22.00,308.8亿,30880000000.0,0.804,23.35,112.88万,9.71,81.66亿,8166000000.0,25.17亿,2517000000.0,56.49亿,5649000000.0,505.59,297.38,23.40亿,2340000000.0,13.25亿,1325000000.0,11.29亿,1129000000.0,2.391,2.191,819.82,485.02
002022,科华生物,医药制造,14.12,72.68亿,7268000000.000001,0.665,10.33,18.46万,5.31,64.29亿,6429000000.000001,20.05亿,2005000000.0,44.24亿,4424000000.0,584.50,170.82,14.53亿,1453000000.0,6.35亿,635000000.0,3.42亿,342000000.0,3.792,3.051,783.04,232.84
300676,华大基因,医药制造,114.42,473.6亿,47360000000.0,1.291,6.99,9.34万,22.55,134.52亿,13452000000.000002,48.83亿,4883000000.0,85.70亿,8570000000.0,274.94,97.60,15.63亿,1563000000.0,6.19亿,619000000.0,5.25亿,525000000.0,3.068,2.719,720.87,262.98
688217,睿昂基因,医药制造,77.06,42.83亿,4283000000.0,0.295,2.50,7939,65.35,7.28亿,728000000.0,5031.65万,50316500.0,6.77亿,677000000.0,907.46,51.84,6477.10万,64771000.0,1662.30万,16623000.0,1638.35万,16383500.0,10.39,9.532,537.91,33.09
688131,皓元医药,医药制造,336.00,249.8亿,24980000000.0,0.729,9.78,8499,115.26,9.64亿,964000000.0,3.84亿,384000000.0,5.80亿,580000000.0,323.94,120.85,2.26亿,225999999.99999997,6431.33万,64313300.0,5417.86万,54178600.0,2.631,1.686,478.5,182.4
600976,健民集团,医药制造,46.66,71.58亿,7158000000.0,1.100,12.10,3.45万,21.41,25.85亿,2585000000.0,11.85亿,1185000000.0,13.99亿,1399000000.0,192.24,74.50,17.93亿,1793000000.0,1.87亿,187000000.0,1.67亿,167000000.0,1.480,1.384,432.28,173.25
688076,诺泰生物,医药制造,55.20,117.7亿,11770000000.0,0.186,4.03,2.90万,74.12,13.91亿,1391000000.0,3.84亿,384000000.0,10.07亿,1007000000.0,901.41,258.62,1.66亿,166000000.0,4685.28万,46852800.0,3968.99万,39689900.0,1.386,0.771,336.91,97.79
002873,新天药业,医药制造,17.14,20.08亿,2007999999.9999998,0.217,3.04,1.29万,19.79,15.26亿,1526000000.0,6.87亿,687000000.0,8.39亿,839000000.0,714.60,113.84,2.15亿,215000000.0,3028.30万,30283000.0,2536.64万,25366400.0,1.520,1.323,311.98,51.25
600200,江苏吴中,医药制造,8.07,57.49亿,5749000000.0,0.133,5.01,21.73万,15.14,38.65亿,3865000000.0,19.19亿,1919000000.0000002,19.47亿,1947000000.0,1158.58,26.69,5.45亿,545000000.0,1.12亿,112000000.00000001,9495.60万,94956000.0,1.666,1.579,309.31,8.23
603392,万泰生物,医药制造,283.91,1723亿,172300000000.0,0.476,10.72,1.42万,148.98,39.07亿,3907000000.0,10.35亿,1035000000.0,28.72亿,2872000000.0,310.61,165.05,8.24亿,824000000.0,3.37亿,337000000.0,2.89亿,289000000.0,2.406,1.929,299.75,161.17
300406,九强生物,医药制造,18.52,109.1亿,10910000000.0,0.190,3.45,6.41万,24.31,40.45亿,4045000000.0000005,4.87亿,487000000.0,35.58亿,3558000000.0,780.50,231.58,3.74亿,374000000.0,1.55亿,155000000.0,1.12亿,112000000.00000001,8.356,7.242,298.2,89.62
688202,美迪西,医药制造,487.66,302.3亿,30230000000.0,0.730,3.94,6003,167.53,14.56亿,1456000000.0,2.70亿,270000000.0,11.86亿,1186000000.0,195.70,102.81,2.15亿,215000000.0,5328.42万,53284200.0,4511.87万,45118700.0,3.692,3.465,291.93,156.31
000661,长春高新,医药制造,306.47,1240亿,124000000000.0,2.160,7.69,9.96万,35.46,177.72亿,17772000000.0,45.55亿,4555000000.0,132.17亿,13216999999.999998,61.21,37.35,22.81亿,2281000000.0,10.55亿,1055000000.0000001,8.75亿,875000000.0,4.107,2.980,282.79,179.71
300705,九典制药,医药制造,26.85,63.01亿,6301000000.0,0.200,5.41,5.97万,33.92,12.14亿,1214000000.0,3.32亿,332000000.0,8.82亿,882000000.0,553.18,73.31,2.78亿,278000000.0,5446.30万,54463000.0,4644.75万,46447500.0,2.684,1.783,222.97,31.02
002422,科伦药业,医药制造,18.37,261.9亿,26189999999.999996,0.123,1.30,14.94万,37.31,317.46亿,31745999999.999996,176.59亿,17659000000.0,140.87亿,14087000000.0,701.49,17.35,41.51亿,4151000000.0,1.72亿,172000000.0,1.75亿,175000000.0,1.159,0.878,173.61,5.31
601607,上海医药,医药制造,19.07,542.0亿,54200000000.0,0.750,4.57,12.16万,6.39,1560.35亿,156035000000.0,992.95亿,99295000000.0,567.40亿,56740000000.0,104.24,27.57,516.00亿,51600000000.0,29.97亿,2997000000.0,21.20亿,2120000000.0,1.222,0.964,162.73,47.73
603168,莎普爱思,医药制造,8.93,28.81亿,2881000000.0,0.030,0.80,8.21万,68.67,16.64亿,1664000000.0,3.47亿,347000000.0,13.17亿,1317000000.0,2415.40,125.59,1.53亿,153000000.0,1743.60万,17436000.0,1048.84万,10488400.0,1.913,1.721,145.18,7.79
000915,华特达因,医药制造,34.32,80.42亿,8042000000.0,0.980,11.09,16.05万,17.54,38.46亿,3846000000.0,5.71亿,571000000.0,32.75亿,3275000000.0,69.80,21.45,10.11亿,1011000000.0,4.92亿,492000000.0,2.29亿,229000000.0,5.088,4.750,145.14,50.37
300841,康华生物,医药制造,216.17,194.6亿,19460000000.0,1.117,4.96,8602,48.40,22.03亿,2203000000.0,1.25亿,125000000.0,20.77亿,2077000000.0,54.91,50.96,2.37亿,237000000.0,1.19亿,119000000.0,1.00亿,100000000.0,13.96,13.52,132.16,123.34
600645,中源协和,医药制造,19.40,90.78亿,9078000000.0,0.100,1.30,8.66万,49.82,51.26亿,5126000000.0,14.25亿,1425000000.0,37.01亿,3701000000.0,644.70,32.44,3.67亿,367000000.0,5923.28万,59232800.0,4555.36万,45553600.0,1.468,1.300,129.79,7.34
300434,金石亚药,医药制造,10.21,41.02亿,4102000000.0000005,0.200,2.85,7.39万,13.00,26.02亿,2602000000.0,4.64亿,463999999.99999994,21.38亿,2138000000.0,300.56,81.18,3.77亿,377000000.0,9179.00万,91790000.0,7890.31万,78903100.0,2.509,1.984,121.92,34.17
605177,东亚药业,医药制造,31.86,36.19亿,3619000000.0,0.220,1.41,5387,36.87,21.39亿,2139000000.0,3.85亿,385000000.0,17.54亿,1754000000.0,239.76,30.91,1.90亿,190000000.0,3013.92万,30139200.0,2454.00万,24540000.0,,,107.36,15.47
300122,智飞生物,医药制造,154.53,2472亿,247200000000.0,0.586,10.76,17.26万,65.89,171.28亿,17128000000.0,79.41亿,7941000000.0,91.87亿,9187000000.0,81.69,49.04,39.27亿,3927000000.0000005,11.01亿,1101000000.0,9.38亿,938000000.0000001,1.687,1.232,100.72,62.46
300759,康龙化成,医药制造,207.23,1646亿,164600000000.0,0.310,2.73,5.60万,167.38,127.62亿,12762000000.0,36.10亿,3610000000.0,91.52亿,9152000000.0,142.20,55.28,14.89亿,1489000000.0,2.82亿,282000000.0,2.46亿,246000000.0,2.203,2.065,90.8,36.91
688319,欧林生物,医药制造,34.08,138.1亿,13810000000.0,0.050,5.28,1.16万,168.94,6.32亿,632000000.0,2.35亿,235000000.0,3.97亿,397000000.0,875.60,119.89,6343.76万,63437600.0,2043.82万,20438200.0,2043.82万,20438200.0,1.647,1.397,87.99,12.41
603590,康辰药业,医药制造,32.33,51.73亿,5173000000.0,0.410,2.15,8768,20.08,35.51亿,3551000000.0,6.12亿,612000000.0,29.39亿,2939000000.0,99.78,197.56,2.11亿,211000000.0,7311.60万,73116000.0,6439.51万,64395100.0,2.894,2.825,85.3,165.48
600332,白云山,医药制造,30.79,500.6亿,50060000000.0,1.001,6.04,15.97万,7.69,628.25亿,62825000000.0,329.37亿,32937000000.0,298.88亿,29888000000.0,37.47,18.02,200.46亿,20046000000.0,20.42亿,2042000000.0000002,16.27亿,1627000000.0,1.644,1.371,83.52,44.58
688513,苑东生物,医药制造,47.99,57.63亿,5763000000.0,0.980,5.48,7805,24.56,25.81亿,2581000000.0,4.03亿,403000000.0,21.77亿,2177000000.0,36.32,14.65,4.99亿,499000000.0,1.26亿,126000000.0,1.17亿,117000000.0,5.150,4.895,79.52,37.04
300942,易瑞生物,医药制造,36.42,146.0亿,14600000000.0,0.230,13.46,10.48万,41.66,9.99亿,999000000.0,1.88亿,188000000.0,8.11亿,811000000.0,150.10,103.46,1.47亿,147000000.0,1.02亿,102000000.0,8761.04万,87610400.00000001,6.682,5.967,71.0,49.55
600789,鲁抗医药,医药制造,7.50,66.02亿,6602000000.0,0.050,1.42,34.15万,34.42,75.45亿,7545000000.0,41.32亿,4132000000.0,34.12亿,3411999999.9999995,693.98,35.54,13.01亿,1301000000.0,6036.86万,60368600.0,4795.51万,47955100.0,0.829,0.497,69.82,3.98
300601,康泰生物,医药制造,130.60,897.2亿,89720000000.0,0.037,0.34,6.65万,891.72,99.72亿,9972000000.0,23.94亿,2394000000.0,75.77亿,7577000000.0,937.58,56.31,2.77亿,277000000.0,2976.51万,29765100.000000004,2515.26万,25152600.000000004,2.751,2.433,69.7,4.48
300683,海特生物,医药制造,40.14,41.49亿,4149000000.0,0.140,0.15,8013,71.39,21.72亿,2172000000.0,4.33亿,433000000.0,17.40亿,1739999999.9999998,241.82,143.97,1.58亿,158000000.0,1795.48万,17954800.0,1452.91万,14529100.0,3.714,3.499,68.9,41.5
002653,海思科,医药制造,20.58,221.1亿,22110000000.0,0.267,9.43,3.48万,19.24,51.41亿,5141000000.0,19.23亿,1923000000.0,32.18亿,3218000000.0,123.76,23.68,7.28亿,728000000.0,4.67亿,467000000.0,2.87亿,287000000.0,1.717,1.526,68.36,14.91
688526,科前生物,医药制造,29.04,135.0亿,13500000000.0,0.360,6.05,2.60万,19.98,33.60亿,3360000000.0,4.82亿,482000000.0,28.77亿,2877000000.0,82.47,82.31,3.19亿,319000000.0,1.94亿,194000000.0,1.69亿,169000000.0,6.081,5.867,62.44,62.32
603108,润达医疗,医药制造,10.33,59.87亿,5987000000.0,0.158,2.83,7.45万,16.30,109.94亿,10994000000.0,67.58亿,6758000000.0,42.36亿,4236000000.0,189.78,58.88,20.64亿,2064000000.0,1.87亿,187000000.0,9183.01万,91830100.0,1.111,0.896,61.31,19.95
600422,昆药集团,医药制造,9.41,71.35亿,7134999999.999999,0.257,4.28,10.44万,9.15,81.20亿,8120000000.0,33.14亿,3314000000.0,48.06亿,4806000000.0,112.24,20.92,18.95亿,1895000000.0,2.37亿,237000000.0,1.95亿,195000000.0,1.903,1.270,59.88,12.94
000028,国药一致,医药制造,35.00,149.8亿,14980000000.000002,0.770,2.33,2.27万,11.39,430.21亿,43021000000.0,256.95亿,25695000000.0,173.25亿,17325000000.0,32.15,25.15,160.50亿,16050000000.0,4.77亿,476999999.99999994,3.29亿,329000000.0,1.383,1.073,56.06,45.28
300181,佐力药业,医药制造,7.94,48.32亿,4832000000.0,0.142,5.12,14.46万,27.91,26.84亿,2684000000.0,7.39亿,739000000.0,19.45亿,1945000000.0,181.90,49.46,6.98亿,698000000.0,1.06亿,106000000.0,8656.07万,86560700.0,1.763,1.332,52.87,15.25
603658,安图生物,医药制造,63.30,371.1亿,37110000000.0,0.292,2.61,5.36万,54.10,80.68亿,8068000000.000001,13.27亿,1327000000.0,67.41亿,6741000000.0,84.15,48.44,8.17亿,817000000.0,1.93亿,193000000.0,1.71亿,171000000.0,4.873,4.391,51.63,30.77
600079,人福医药,医药制造,23.53,384.3亿,38430000000.0,0.190,2.60,15.97万,31.92,323.72亿,32372000000.000004,180.34亿,18034000000.0,143.39亿,14338999999.999998,120.22,2.09,46.70亿,4670000000.0,5.00亿,500000000.0,3.01亿,301000000.0,1.403,1.195,47.3,2.41
600436,片仔癀,医药制造,372.80,2249亿,224900000000.0,0.940,6.62,9.43万,100.92,109.57亿,10957000000.0,21.02亿,2102000000.0,88.56亿,8856000000.0,20.84,16.76,20.02亿,2002000000.0,6.82亿,682000000.0,5.65亿,565000000.0,4.834,3.716,47.17,39.5
002603,以岭药业,医药制造,18.96,316.8亿,31680000000.0,0.404,7.15,31.34万,11.74,135.10亿,13510000000.0,39.11亿,3911000000.0,95.99亿,9599000000.0,54.05,57.20,36.68亿,3668000000.0,8.24亿,824000000.0,6.75亿,675000000.0,1.952,1.487,47.11,49.65
600216,浙江医药,医药制造,15.92,153.6亿,15360000000.0,0.280,3.42,50.48万,14.39,109.50亿,10950000000.0,26.65亿,2665000000.0,82.86亿,8286000000.0,79.78,49.98,24.00亿,2400000000.0,3.01亿,301000000.0,2.67亿,267000000.0,2.432,1.773,47.06,30.37
002287,奇正藏药,医药制造,28.46,150.9亿,15090000000.0,0.195,3.87,4.08万,7.63,44.08亿,4408000000.0,16.67亿,1667000000.0000002,27.41亿,2741000000.0,112.26,113.97,3.26亿,326000000.0,1.14亿,113999999.99999999,1.03亿,103000000.0,4.931,4.774,45.44,46.11
603456,九洲药业,医药制造,46.67,388.6亿,38860000000.0,0.113,2.49,5.57万,102.90,56.85亿,5685000000.0,15.15亿,1515000000.0,41.71亿,4171000000.0,190.92,118.66,8.56亿,856000000.0,1.12亿,112000000.00000001,9440.42万,94404200.0,2.136,1.179,44.11,27.78
300482,万孚生物,医药制造,54.50,242.5亿,24250000000.0,0.349,5.31,4.20万,39.01,44.60亿,4460000000.0,12.97亿,1297000000.0,31.63亿,3163000000.0,58.84,26.27,6.97亿,697000000.0,1.76亿,176000000.0,1.55亿,155000000.0,3.248,2.653,44.04,21.3
300685,艾德生物,医药制造,86.02,190.7亿,19070000000.0,0.500,9.40,3.22万,85.66,13.58亿,1358000000.0,1.24亿,124000000.0,12.34亿,1234000000.0,37.77,40.96,3.99亿,399000000.0,1.25亿,125000000.0,1.11亿,111000000.00000001,9.636,9.300,42.02,45.21
300723,一品红,医药制造,36.07,104.1亿,10410000000.0,0.410,7.47,3.13万,44.13,27.84亿,2784000000.0,12.12亿,1212000000.0,15.72亿,1572000000.0,46.61,46.48,9.53亿,952999999.9999999,1.34亿,134000000.00000001,1.18亿,118000000.0,2.186,2.001,41.71,41.6
603087,甘李药业,医药制造,74.18,416.6亿,41660000000.0,0.340,2.10,5.80万,54.79,96.47亿,9647000000.0,5.19亿,519000000.00000006,91.28亿,9128000000.0,54.39,16.75,5.49亿,549000000.0,2.38亿,238000000.0,1.90亿,190000000.0,18.90,17.10,39.88,14.28
002737,葵花药业,医药制造,15.20,88.77亿,8877000000.0,0.390,6.86,6.91万,9.83,51.15亿,5115000000.0,14.82亿,1482000000.0,36.33亿,3633000000.0,46.53,33.70,12.17亿,1217000000.0,3.18亿,318000000.0,2.26亿,225999999.99999997,3.161,2.544,39.61,29.6
000513,丽珠集团,医药制造,40.75,381.3亿,38130000000.0,0.555,4.22,9.46万,18.34,213.59亿,21359000000.0,72.28亿,7228000000.0,141.31亿,14131000000.0,30.12,33.74,33.50亿,3350000000.0,7.04亿,704000000.0,5.20亿,520000000.0,2.407,2.185,38.15,42.17
300119,瑞普生物,医药制造,25.42,102.8亿,10280000000.0,0.288,4.63,7.13万,22.09,41.48亿,4147999999.9999995,12.90亿,1290000000.0,28.58亿,2858000000.0,59.11,23.35,5.60亿,560000000.0,1.53亿,153000000.0,1.16亿,115999999.99999999,1.818,1.449,36.5,15.9
002462,嘉事堂,医药制造,12.74,37.16亿,3715999999.9999995,0.280,2.23,1.71万,11.35,140.51亿,14051000000.0,86.18亿,8618000000.0,54.33亿,5433000000.0,60.51,43.51,58.11亿,5811000000.0,2.02亿,202000000.0,8182.91万,81829100.0,1.492,1.216,36.27,26.75
000999,华润三九,医药制造,24.13,236.2亿,23620000000.0,0.660,4.58,3.92万,9.18,222.52亿,22252000000.0,74.82亿,7481999999.999999,147.70亿,14769999999.999998,22.95,29.05,40.80亿,4079999999.9999995,7.79亿,779000000.0,6.43亿,643000000.0,1.618,1.360,35.9,43.96
603811,诚意药业,医药制造,14.27,33.36亿,3336000000.0,0.196,5.11,2.30万,18.19,12.27亿,1227000000.0,2.95亿,295000000.0,9.32亿,932000000.0,87.16,12.76,1.71亿,171000000.0,5360.22万,53602200.0,4583.98万,45839799.99999999,1.439,0.857,35.83,6.67
002728,特一药业,医药制造,12.15,24.74亿,2474000000.0,0.205,3.78,2.98万,14.84,20.22亿,2022000000.0,9.00亿,900000000.0,11.22亿,1122000000.0,81.78,10.78,1.94亿,194000000.0,5032.25万,50322500.0,4166.95万,41669500.0,1.152,0.837,35.27,6.16
002864,盘龙药业,医药制造,22.36,19.38亿,1938000000.0,0.207,2.45,7753,27.31,12.16亿,1216000000.0,4.72亿,472000000.0,7.44亿,744000000.0,80.29,115.39,1.75亿,175000000.0,2183.62万,21836200.0,1773.89万,17738900.0,2.329,2.158,35.0,49.53
603229,奥翔药业,医药制造,28.26,81.12亿,8112000000.0,0.153,3.82,1.37万,46.22,13.82亿,1382000000.0,2.11亿,211000000.0,11.71亿,1171000000.0,109.15,81.19,1.44亿,144000000.0,4911.17万,49111700.0,4387.85万,43878500.0,4.620,3.742,34.7,26.14
600196,复星医药,医药制造,82.39,2112亿,211200000000.0,0.330,2.27,74.30万,62.31,866.14亿,86614000000.0,396.24亿,39624000000.0,469.90亿,46990000000.0,46.78,37.00,80.56亿,8056000000.0,11.45亿,1145000000.0,8.47亿,847000000.0000001,1.055,0.855,33.68,27.23
600211,西藏药业,医药制造,55.94,138.7亿,13869999999.999998,0.630,5.91,4.86万,22.06,32.28亿,3228000000.0,4.71亿,471000000.0,27.58亿,2758000000.0,22.29,66.55,4.94亿,494000000.00000006,1.76亿,176000000.0,1.57亿,157000000.0,3.249,3.101,33.44,89.21
688658,悦康药业,医药制造,20.87,93.92亿,9392000000.0,0.160,1.94,1.24万,33.45,52.17亿,5217000000.0,15.61亿,1561000000.0,36.56亿,3656000000.0,93.51,19.22,8.79亿,878999999.9999999,7834.19万,78341900.0,7019.23万,70192300.0,2.491,2.050,31.28,7.51
688799,华纳药厂,医药制造,44.45,41.69亿,4169000000.0,0.357,4.92,1.89万,31.14,9.67亿,967000000.0,2.70亿,270000000.0,6.97亿,697000000.0,38.00,29.73,2.37亿,237000000.0,3881.19万,38811900.0,3347.75万,33477500.0,2.185,1.243,30.17,24.26
600998,九州通,医药制造,14.12,264.6亿,26460000000.000004,0.406,3.64,4.58万,8.70,822.32亿,82232000000.0,558.85亿,55885000000.0,263.46亿,26345999999.999996,31.73,20.08,326.29亿,32629000000.000004,10.23亿,1023000000.0,7.60亿,760000000.0,1.250,0.962,29.22,19.76
688363,华熙生物,医药制造,225.10,1080亿,108000000000.0,0.320,2.99,4.46万,177.25,60.52亿,6052000000.0,8.76亿,876000000.0,51.76亿,5176000000.0,41.05,111.12,7.77亿,777000000.0,1.89亿,189000000.0,1.52亿,152000000.0,7.103,6.116,28.99,73.84
600420,国药现代,医药制造,9.36,96.12亿,9612000000.0,0.215,2.68,4.63万,11.28,191.77亿,19177000000.0,90.67亿,9067000000.0,101.10亿,10110000000.0,62.98,18.94,39.29亿,3929000000.0,3.44亿,344000000.0,2.21亿,221000000.0,1.632,1.122,28.91,9.97
300363,博腾股份,医药制造,93.60,509.3亿,50930000000.0,0.162,2.57,9.28万,144.53,46.84亿,4684000000.0,12.09亿,1209000000.0,34.75亿,3475000000.0,82.90,38.99,5.43亿,543000000.0,9041.85万,90418500.0,8809.13万,88091299.99999999,2.076,1.624,28.24,14.01
603858,XD步长制,医药制造,19.58,223.5亿,22350000000.0,0.367,2.92,6.13万,13.77,229.62亿,22962000000.0,87.57亿,8757000000.0,142.05亿,14205000000.000002,33.39,26.97,33.51亿,3351000000.0,4.73亿,473000000.00000006,4.06亿,405999999.99999994,1.073,0.621,27.63,22.92
002727,一心堂,医药制造,29.92,178.4亿,17840000000.0,0.437,4.38,7.58万,17.02,120.29亿,12029000000.0,59.66亿,5966000000.0,60.63亿,6063000000.0,27.28,11.07,34.29亿,3429000000.0,2.91亿,291000000.0,2.61亿,261000000.0,1.528,0.992,27.56,13.39
002755,奥赛康,医药制造,12.17,113.0亿,11300000000.0,0.190,5.72,1.60万,15.84,38.38亿,3838000000.0000005,6.29亿,629000000.0,32.10亿,3210000000.0,67.35,31.33,9.31亿,931000000.0,2.00亿,200000000.0,1.78亿,178000000.0,4.890,4.597,27.21,13.52
002001,新 和 成,医药制造,27.11,699.0亿,69900000000.0,0.441,5.71,31.03万,15.37,333.85亿,33385000000.000004,128.45亿,12844999999.999998,205.40亿,20540000000.0,26.34,42.64,37.44亿,3744000000.0,13.51亿,1351000000.0,11.37亿,1137000000.0,2.363,1.887,26.98,41.36
300630,普利制药,医药制造,44.82,195.9亿,19590000000.0,0.240,5.61,3.12万,40.39,39.88亿,3988000000.0000005,15.75亿,1575000000.0,24.13亿,2413000000.0,51.40,60.03,2.73亿,273000000.0,1.23亿,123000000.0,1.21亿,121000000.0,2.589,2.416,26.71,30.85
600511,国药股份,医药制造,30.44,229.7亿,22970000000.0,0.395,2.57,8.70万,19.28,246.67亿,24667000000.0,113.51亿,11351000000.0,133.16亿,13316000000.0,28.38,26.03,103.47亿,10347000000.0,4.15亿,415000000.00000006,2.98亿,298000000.0,2.021,1.698,25.78,23.92
603520,司太立,医药制造,43.24,105.9亿,10590000000.0,0.260,3.47,5.54万,41.00,43.15亿,4315000000.0,23.69亿,2369000000.0,19.46亿,1946000000.0,41.43,24.90,3.64亿,364000000.0,7930.67万,79306700.0,6457.15万,64571500.0,1.393,1.006,23.75,15.16
000590,启迪药业,医药制造,8.54,20.45亿,2045000000.0,0.085,3.12,2.57万,24.99,9.21亿,921000000.0000001,2.55亿,254999999.99999997,6.65亿,665000000.0,130.40,26.86,7673.86万,76738600.0,2146.46万,21464600.0,2046.21万,20462100.0,3.233,2.923,22.89,5.29
603883,老百姓,医药制造,44.29,181.0亿,18100000000.0,0.560,4.50,3.39万,19.89,139.42亿,13941999999.999998,93.50亿,9350000000.0,45.92亿,4592000000.0,16.03,10.85,36.38亿,3638000000.0000005,3.20亿,320000000.0,2.28亿,227999999.99999997,0.673,0.350,22.71,16.91
603939,益丰药房,医药制造,48.69,350.0亿,35000000000.0,0.336,4.17,5.83万,36.26,157.60亿,15760000000.0,84.80亿,8480000000.0,72.79亿,7279000000.000001,29.39,19.09,36.30亿,3629999999.9999995,3.61亿,361000000.0,2.41亿,241000000.0,1.312,0.925,22.61,15.68
300519,新光药业,医药制造,18.52,29.63亿,2963000000.0,0.240,4.61,6.89万,19.00,9.29亿,928999999.9999999,6283.19万,62831899.99999999,8.66亿,866000000.0,42.77,35.83,9612.31万,96123100.0,4586.72万,45867200.0,3898.12万,38981200.0,15.01,14.36,22.57,19.24
603538,美诺华,医药制造,35.68,53.37亿,5337000000.0,0.790,6.80,4.32万,22.94,36.16亿,3615999999.9999995,15.95亿,1595000000.0,20.21亿,2021000000.0,9.84,6.21,6.92亿,692000000.0,1.46亿,146000000.0,1.16亿,115999999.99999999,1.656,1.163,22.26,16.53
300357,我武生物,医药制造,62.51,327.3亿,32730000000.0,0.135,4.72,4.46万,111.08,16.90亿,1689999999.9999998,9431.59万,94315900.0,15.96亿,1596000000.0,70.31,49.31,1.65亿,165000000.0,8088.24万,80882400.0,7045.42万,70454200.0,18.99,18.22,20.13,14.46
000403,派林生物,医药制造,31.89,233.5亿,23350000000.0,0.077,1.50,3.48万,103.52,69.29亿,6929000000.000001,9.84亿,984000000.0,59.45亿,5945000000.0,125.73,35.33,2.85亿,285000000.0,6433.56万,64335600.00000001,5640.17万,56401700.0,3.079,2.111,20.02,6.1
603368,柳药股份,医药制造,20.04,72.63亿,7263000000.0,0.573,3.99,2.25万,8.74,151.11亿,15111000000.000002,94.62亿,9462000000.0,56.49亿,5649000000.0,12.29,15.10,41.62亿,4161999999.9999995,2.66亿,266000000.0,2.08亿,208000000.0,1.594,1.374,18.95,22.18
300016,北陆药业,医药制造,8.60,42.38亿,4238000000.0000005,0.102,2.86,4.77万,21.00,28.70亿,2870000000.0,9.31亿,931000000.0,19.38亿,1938000000.0,88.36,76.56,2.22亿,222000000.00000003,5229.39万,52293900.0,5045.19万,50451899.99999999,4.363,3.949,18.89,16.49
002773,康弘药业,医药制造,18.95,174.2亿,17420000000.0,0.254,3.35,9.76万,18.64,70.87亿,7087000000.0,10.98亿,1098000000.0,59.89亿,5989000000.0,32.29,44.54,9.15亿,915000000.0,2.54亿,254000000.0,2.34亿,234000000.0,4.666,4.388,18.56,24.79
600085,同仁堂,医药制造,35.18,482.5亿,48250000000.0,0.232,3.19,17.12万,37.88,236.91亿,23691000000.0,76.55亿,7655000000.0,160.36亿,16036000000.000002,33.24,22.33,37.06亿,3706000000.0,5.98亿,598000000.0,3.18亿,318000000.0,2.870,1.917,17.4,12.33
688488,艾迪药业,医药制造,20.16,84.67亿,8467000000.0,0.030,0.83,1.81万,186.85,14.63亿,1463000000.0,9167.16万,91671600.0,13.71亿,1371000000.0,284.28,74.52,7794.10万,77941000.0,1190.65万,11906500.0,1132.86万,11328599.999999998,12.66,11.44,17.31,4.73
002262,恩华药业,医药制造,13.79,138.9亿,13890000000.0,0.410,9.52,12.40万,16.91,50.88亿,5088000000.0,6.70亿,670000000.0,44.18亿,4418000000.0,16.46,25.81,18.65亿,1864999999.9999998,4.78亿,478000000.0,4.11亿,411000000.00000006,6.599,5.721,16.98,24.65
603707,健友股份,医药制造,30.62,372.6亿,37260000000.0,0.224,6.82,4.17万,34.13,86.40亿,8640000000.0,46.16亿,4616000000.0,40.24亿,4024000000.0,33.51,20.28,8.83亿,883000000.0,3.14亿,314000000.0,2.73亿,273000000.0,2.221,0.856,16.92,10.99
300878,维康药业,医药制造,46.70,37.57亿,3757000000.0,0.252,1.46,5575,46.32,16.13亿,1613000000.0,2.08亿,208000000.0,14.05亿,1405000000.0,28.86,7.74,1.32亿,132000000.0,2379.38万,23793800.0,2027.27万,20272700.0,5.732,5.189,16.69,6.04
600329,中新药业,医药制造,26.93,208.3亿,20830000000.0,0.280,3.60,7.97万,24.46,88.01亿,8801000000.0,26.32亿,2632000000.0,61.69亿,6169000000.0,25.34,10.32,18.27亿,1827000000.0,2.48亿,248000000.0,2.13亿,213000000.0,2.476,1.899,16.57,8.16
000739,普洛药业,医药制造,28.13,331.5亿,33150000000.0,0.184,4.83,5.02万,38.17,80.55亿,8055000000.0,34.47亿,3447000000.0,46.08亿,4608000000.0,40.34,15.63,19.67亿,1967000000.0000002,2.59亿,259000000.0,2.17亿,217000000.0,1.686,1.362,16.41,7.32
603896,寿仙谷,医药制造,42.78,64.86亿,6486000000.0,0.272,3.03,1.01万,39.33,18.08亿,1807999999.9999998,3.93亿,393000000.0,14.15亿,1415000000.0,25.67,31.12,1.74亿,174000000.0,4117.17万,41171700.0,4123.34万,41233400.0,4.950,4.316,16.28,19.24
000623,吉林敖东,医药制造,15.28,177.7亿,17770000000.0,0.340,1.66,17.58万,11.35,276.92亿,27692000000.0,39.21亿,3921000000.0,237.70亿,23770000000.0,19.23,11.92,5.24亿,524000000.0,3.82亿,382000000.0,3.91亿,391000000.0,4.247,3.837,15.97,11.0
300110,华仁药业,医药制造,4.25,50.24亿,5024000000.0,0.021,1.09,11.46万,50.59,40.94亿,4094000000.0,17.39亿,1739000000.0,23.55亿,2355000000.0,323.26,369.01,11.28亿,1128000000.0,3312.08万,33120800.0,2482.67万,24826700.0,1.340,1.172,13.76,15.68
600380,健康元,医药制造,11.93,233.7亿,23370000000.0,0.187,3.26,17.05万,15.92,285.94亿,28594000000.0,87.57亿,8757000000.0,198.37亿,19837000000.0,31.10,30.05,41.45亿,4145000000.0000005,8.85亿,885000000.0,3.67亿,367000000.0,2.453,2.221,13.22,12.83
300485,赛升药业,医药制造,11.97,57.66亿,5766000000.0,0.090,1.50,5.95万,33.99,37.78亿,3778000000.0,8.77亿,877000000.0,29.01亿,2901000000.0,66.68,172.18,4.55亿,455000000.0,4921.66万,49216600.0,4240.99万,42409900.0,2.531,2.261,12.77,31.76
600750,江中药业,医药制造,12.15,76.55亿,7655000000.0,0.250,4.03,15.35万,12.01,50.58亿,5058000000.0,6.45亿,645000000.0,44.13亿,4413000000.0,21.25,28.97,6.77亿,677000000.0,1.90亿,190000000.0,1.59亿,159000000.0,5.954,5.560,12.75,16.61
300813,泰林生物,医药制造,67.76,35.21亿,3521000000.0,0.180,2.14,4.40万,91.72,5.47亿,547000000.0,9286.95万,92869500.0,4.54亿,454000000.0,30.64,17.88,4804.32万,48043200.0,1090.08万,10900800.0,959.84万,9598400.0,4.683,3.803,12.56,7.97
600613,神奇制药,医药制造,5.12,27.34亿,2734000000.0,0.040,0.93,3.22万,31.36,31.64亿,3164000000.0,8.20亿,819999999.9999999,23.44亿,2344000000.0,151.21,61.17,5.53亿,553000000.0,3163.91万,31639100.0,2179.86万,21798600.0,2.890,2.497,12.44,5.23
900904,神奇B股,医药制造,0.522,2.79亿,279000000.0,0.040,0.93,1604,21.01,31.64亿,3164000000.0,8.20亿,819999999.9999999,23.44亿,2344000000.0,151.21,61.17,5.53亿,553000000.0,3163.91万,31639100.0,2179.86万,21798600.0,2.890,2.497,12.44,5.23
300158,振东制药,医药制造,6.98,71.72亿,7172000000.0,0.095,1.71,38.61万,18.37,75.95亿,7595000000.0,18.67亿,1867000000.0000002,57.28亿,5728000000.0,59.87,36.84,12.93亿,1293000000.0,1.15亿,114999999.99999999,9762.57万,97625700.0,2.273,1.708,12.18,7.81
002020,京新药业,医药制造,7.87,65.93亿,6593000000.000001,0.154,3.25,5.52万,12.74,56.06亿,5606000000.0,15.20亿,1520000000.0,40.86亿,4086000000.0,35.22,3.44,8.21亿,821000000.0000001,1.46亿,146000000.0,1.29亿,129000000.0,2.135,1.712,12.16,2.37
688621,阳光诺和,医药制造,76.27,61.02亿,6102000000.0,0.257,10.30,5514,74.28,4.22亿,422000000.0,2.07亿,206999999.99999997,2.14亿,214000000.0,19.01,29.82,9577.08万,95770800.0,2474.19万,24741900.0,2053.48万,20534800.0,1.446,1.413,11.96,17.51
300452,山河药辅,医药制造,14.62,26.38亿,2638000000.0,0.170,5.18,2.66万,21.20,9.45亿,944999999.9999999,2.58亿,258000000.0,6.87亿,687000000.0,30.46,37.80,1.72亿,172000000.0,3581.24万,35812400.0,3111.46万,31114600.0,2.348,2.105,11.8,14.3
688166,博瑞医药,医药制造,35.30,144.7亿,14469999999.999998,0.120,3.34,3.48万,74.44,21.27亿,2127000000.0,6.44亿,644000000.0,14.82亿,1482000000.0,42.84,45.42,1.89亿,189000000.0,5452.09万,54520900.0,4860.49万,48604900.0,3.341,2.558,11.3,11.92
600351,亚宝药业,医药制造,5.72,44.04亿,4404000000.0,0.084,2.30,11.49万,17.01,41.25亿,4125000000.0,12.43亿,1243000000.0,28.82亿,2882000000.0,61.89,27.19,7.93亿,793000000.0,6644.20万,66442000.0,6473.20万,64732000.0,1.609,1.218,11.11,5.28
002198,嘉应制药,医药制造,9.19,46.64亿,4664000000.0,0.015,1.13,10.46万,150.17,8.01亿,801000000.0,1.10亿,110000000.00000001,6.91亿,691000000.0,363.81,32.02,1.22亿,122000000.0,957.95万,9579500.0,776.44万,7764400.000000001,5.779,4.786,11.04,1.09
002275,桂林三金,医药制造,12.93,76.31亿,7631000000.0,0.170,3.25,9606,19.53,39.98亿,3997999999.9999995,9.40亿,940000000.0,30.58亿,3058000000.0,27.19,30.71,4.30亿,430000000.0,1.20亿,120000000.0,9767.22万,97672200.0,4.965,4.510,10.69,11.89
000650,仁和药业,医药制造,9.85,137.9亿,13790000000.0,0.107,2.91,37.08万,22.98,65.79亿,6579000000.000001,7.91亿,791000000.0,57.87亿,5787000000.0,45.38,34.08,11.82亿,1182000000.0,2.27亿,227000000.0,1.50亿,150000000.0,4.788,4.305,10.62,8.2
600285,羚锐制药,医药制造,10.35,58.77亿,5877000000.0,0.170,4.09,10.60万,15.21,37.70亿,3770000000.0000005,13.38亿,1338000000.0,24.32亿,2432000000.0,26.19,20.01,5.89亿,589000000.0,1.13亿,112999999.99999999,9657.73万,96577300.0,1.749,1.481,10.35,8.25
688687,凯因科技,医药制造,27.19,46.18亿,4618000000.0,0.160,2.44,1.37万,55.07,19.03亿,1903000000.0,3.05亿,305000000.0,15.99亿,1599000000.0,27.97,40.76,1.72亿,172000000.0,2302.17万,23021700.0,2096.43万,20964300.0,6.478,6.092,10.31,14.4
000788,北大医药,医药制造,6.86,40.88亿,4088000000.0000005,0.039,1.76,5.39万,44.44,23.20亿,2320000000.0,10.05亿,1005000000.0000001,13.14亿,1314000000.0,124.20,41.20,5.12亿,512000000.0,2847.55万,28475500.0,2299.82万,22998200.0,2.064,1.917,10.02,3.55
002793,罗欣药业,医药制造,8.62,126.5亿,12650000000.0,0.110,3.82,2.10万,20.09,79.71亿,7970999999.999999,34.52亿,3452000000.0000005,45.18亿,4518000000.0,41.02,36.62,17.42亿,1742000000.0000002,1.88亿,188000000.0,1.57亿,157000000.0,1.905,1.624,9.96,8.99
300026,红日药业,医药制造,4.39,131.9亿,13190000000.0,0.060,2.65,58.59万,17.07,105.50亿,10550000000.0,29.63亿,2963000000.0,75.87亿,7587000000.0,76.68,45.56,16.39亿,1639000000.0,2.30亿,229999999.99999997,1.93亿,193000000.0,2.846,2.143,9.71,5.98
603567,珍宝岛,医药制造,16.96,144.0亿,14400000000.0,0.180,2.78,2.92万,23.18,101.88亿,10188000000.0,45.28亿,4528000000.0,56.59亿,5659000000.0,22.68,16.89,7.27亿,727000000.0,1.88亿,188000000.0,1.55亿,155000000.0,2.862,2.316,9.69,7.61
002038,双鹭药业,医药制造,9.51,97.70亿,9770000000.0,0.090,1.89,9.65万,26.60,55.16亿,5516000000.0,4.10亿,409999999.99999994,51.06亿,5106000000.0,49.12,29.88,2.53亿,252999999.99999997,1.05亿,105000000.0,9183.00万,91830000.0,7.086,6.737,9.61,6.14
000411,英特集团,医药制造,12.40,30.87亿,3087000000.0,0.166,2.30,2.06万,18.72,126.64亿,12664000000.0,92.57亿,9257000000.0,34.07亿,3407000000.0,24.19,14.39,64.54亿,6454000000.000001,1.23亿,123000000.0,4122.50万,41225000.0,1.414,1.062,9.44,6.19
688278,特宝生物,医药制造,33.77,137.4亿,13740000000.0,0.080,3.36,1.22万,100.37,12.20亿,1220000000.0,1.85亿,185000000.0,10.35亿,1035000000.0,53.03,14.88,2.15亿,215000000.0,4191.73万,41917299.99999999,3421.80万,34218000.0,7.992,6.888,9.16,3.06
300009,安科生物,医药制造,14.65,240.0亿,24000000000.0,0.077,4.33,30.09万,47.78,36.87亿,3686999999.9999995,6.32亿,632000000.0,30.55亿,3055000000.0,54.30,53.76,4.85亿,484999999.99999994,1.47亿,147000000.0,1.26亿,126000000.0,3.544,3.222,9.02,8.93
600867,通化东宝,医药制造,10.90,221.7亿,22170000000.0,0.170,5.88,29.18万,16.46,61.32亿,6132000000.0,3.44亿,344000000.0,57.88亿,5788000000.0,21.33,14.52,8.23亿,823000000.0,4.02亿,401999999.99999994,3.37亿,337000000.0,7.138,5.526,8.7,6.38
600276,恒瑞医药,医药制造,55.25,3535亿,353500000000.0,0.234,4.78,60.41万,59.05,361.57亿,36157000000.0,36.85亿,3685000000.0,324.72亿,32472000000.000004,13.77,25.37,69.29亿,6929000000.000001,17.73亿,1773000000.0,14.97亿,1497000000.0,8.460,7.869,8.43,13.86
002644,佛慈制药,医药制造,7.90,40.34亿,4034000000.0000005,0.047,1.50,2.24万,41.87,23.01亿,2301000000.0,6.78亿,678000000.0,16.24亿,1623999999.9999998,81.05,28.61,1.77亿,177000000.0,2887.22万,28872199.999999996,2408.80万,24088000.0,3.026,2.361,8.02,3.09
600513,联环药业,医药制造,8.80,25.34亿,2534000000.0,0.090,2.34,5.39万,24.92,20.85亿,2085000000.0000002,8.72亿,872000000.0000001,12.13亿,1213000000.0,32.89,13.62,3.32亿,332000000.0,3755.07万,37550700.0,2542.94万,25429400.0,1.205,0.960,6.69,3.22
000756,新华制药,医药制造,8.11,50.88亿,5088000000.0,0.160,3.04,1.85万,12.68,72.79亿,7279000000.000001,37.44亿,3744000000.0,35.35亿,3535000000.0,16.21,3.64,17.68亿,1768000000.0,1.29亿,129000000.0,1.00亿,100000000.0,1.326,0.901,6.55,2.52
002907,华森制药,医药制造,12.23,49.13亿,4913000000.0,0.091,3.04,1.29万,33.67,17.54亿,1754000000.0,5.34亿,534000000.0,12.19亿,1219000000.0,30.98,34.88,2.30亿,229999999.99999997,4265.51万,42655100.0,3647.37万,36473700.0,3.767,3.286,6.41,7.12
603676,卫信康,医药制造,7.77,33.76亿,3376000000.0,0.043,1.87,7322,45.48,13.86亿,1386000000.0,3.85亿,385000000.0,10.02亿,1002000000.0,69.62,59.99,2.08亿,208000000.0,2310.19万,23101900.0,1855.56万,18555600.0,2.450,2.389,6.35,5.52
300255,常山药业,医药制造,6.88,64.33亿,6433000000.0,0.070,2.38,32.78万,23.45,46.06亿,4606000000.0,16.85亿,1685000000.0000002,29.21亿,2921000000.0,40.56,78.36,7.10亿,710000000.0,8310.70万,83107000.0,6856.49万,68564900.0,2.187,0.808,6.27,11.57
603139,康惠制药,医药制造,16.64,16.62亿,1662000000.0,0.090,0.89,6435,45.63,16.85亿,1685000000.0000002,6.05亿,605000000.0,10.80亿,1080000000.0,30.48,16.35,9674.98万,96749800.0,1045.26万,10452600.0,910.55万,9105500.0,7.537,6.481,6.25,3.71
300636,同和药业,医药制造,15.27,31.44亿,3144000000.0,0.098,2.58,1.73万,39.03,14.67亿,1467000000.0,6.30亿,630000000.0,8.37亿,836999999.9999999,27.53,42.06,1.37亿,137000000.0,2206.98万,22069800.0,2013.77万,20137700.0,2.721,1.104,6.23,9.08
000989,九 芝 堂,医药制造,9.33,81.11亿,8111000000.0,0.126,2.66,12.02万,18.93,55.74亿,5574000000.0,14.55亿,1455000000.0,41.18亿,4118000000.0,20.46,28.33,11.46亿,1146000000.0,1.36亿,136000000.0,1.07亿,107000000.0,2.496,2.006,6.23,8.21
600993,马应龙,医药制造,25.93,111.8亿,11180000000.0,0.270,4.04,12.48万,23.83,40.01亿,4001000000.0,9.37亿,936999999.9999999,30.64亿,3064000000.0,7.21,156.87,8.61亿,861000000.0,1.42亿,142000000.0,1.17亿,117000000.0,4.231,3.852,6.19,87.0
002107,沃华医药,医药制造,6.94,40.06亿,4006000000.0,0.180,12.60,3.58万,19.67,12.36亿,1236000000.0,3.67亿,367000000.0,8.69亿,869000000.0,12.21,6.49,5.15亿,515000000.00000006,1.20亿,120000000.0,1.02亿,102000000.0,1.976,1.611,5.93,3.87
688117,圣诺生物,医药制造,39.90,31.92亿,3192000000.0,0.146,2.63,8806,68.47,6.08亿,608000000.0,1.59亿,159000000.0,4.50亿,450000000.0,15.39,30.47,9328.02万,93280200.0,1331.88万,13318800.000000002,1165.40万,11654000.0,2.328,1.676,5.73,10.14
002566,益盛药业,医药制造,7.32,24.23亿,2423000000.0,0.084,1.38,3.00万,21.81,27.69亿,2769000000.0,6.32亿,632000000.0,21.37亿,2137000000.0,29.24,14.31,2.29亿,229000000.0,3902.47万,39024700.0,2776.51万,27765100.000000004,4.051,1.094,5.63,3.12
000153,丰原药业,医药制造,9.64,30.09亿,3009000000.0,0.087,1.91,18.18万,27.57,37.84亿,3784000000.0000005,23.09亿,2309000000.0,14.75亿,1475000000.0,27.56,17.48,8.64亿,864000000.0,4273.22万,42732200.0,2728.54万,27285400.0,0.883,0.613,5.53,3.78
002923,润都股份,医药制造,27.30,50.74亿,5074000000.0,0.190,3.33,3.57万,39.28,16.25亿,1625000000.0,5.50亿,550000000.0,10.75亿,1075000000.0,9.61,2.00,3.24亿,324000000.0,3996.22万,39962200.0,3504.37万,35043700.0,2.681,1.707,5.27,2.38
605199,葫芦娃,医药制造,21.95,87.82亿,8782000000.0,0.060,2.55,4.08万,92.64,15.25亿,1525000000.0,5.80亿,580000000.0,9.45亿,944999999.9999999,39.45,19.23,3.08亿,308000000.0,2882.83万,28828300.0,2369.99万,23699899.999999996,,,5.24,2.82
002252,上海莱士,医药制造,7.43,500.8亿,50080000000.0,0.063,1.68,38.49万,29.39,259.22亿,25922000000.000004,2.85亿,285000000.0,256.37亿,25637000000.0,37.14,16.71,8.54亿,853999999.9999999,4.76亿,476000000.0,4.26亿,426000000.0,20.49,12.18,5.22,2.64
002412,汉森制药,医药制造,5.86,29.49亿,2949000000.0,0.091,2.83,3.36万,16.12,19.21亿,1921000000.0,2.85亿,285000000.0,16.37亿,1637000000.0,23.79,35.01,2.35亿,235000000.0,5178.60万,51786000.0,4573.15万,45731500.0,2.096,1.785,5.1,7.15
600062,华润双鹤,医药制造,11.19,116.7亿,11670000000.0,0.274,3.03,3.90万,10.20,132.45亿,13244999999.999998,31.27亿,3127000000.0,101.18亿,10118000000.0,4.09,10.34,24.08亿,2408000000.0,3.61亿,361000000.0,2.86亿,286000000.0,2.855,2.293,4.57,8.0
300294,博雅生物,医药制造,52.86,229.1亿,22910000000.0,0.240,2.42,12.45万,56.85,50.05亿,5005000000.0,7.09亿,709000000.0,42.96亿,4296000000.0,5.04,2.38,6.24亿,624000000.0,1.24亿,124000000.0,1.01亿,101000000.0,4.166,3.128,4.46,3.18
600161,天坛生物,医药制造,38.08,522.9亿,52290000000.0,0.110,3.30,18.17万,77.03,79.87亿,7987000000.0,17.29亿,1729000000.0,62.58亿,6258000000.0,15.06,11.80,8.47亿,847000000.0000001,2.63亿,263000000.0,1.52亿,152000000.0,4.321,2.341,4.25,3.53
600594,益佰制药,医药制造,5.49,43.48亿,4348000000.0,0.090,2.09,9.70万,15.31,53.44亿,5344000000.0,18.13亿,1813000000.0,35.31亿,3531000000.0,18.63,19.99,8.25亿,825000000.0,8239.51万,82395100.0,7098.79万,70987900.0,1.644,1.276,4.12,4.36
688276,百克生物,医药制造,86.30,356.3亿,35630000000.0,0.134,3.07,1.07万,160.71,24.33亿,2433000000.0,5.98亿,598000000.0,18.35亿,1835000000.0000002,11.13,24.12,2.47亿,247000000.00000003,6472.37万,64723700.0,5542.23万,55422299.99999999,1.886,1.552,4.12,7.6
002435,长江健康,医药制造,6.08,75.15亿,7515000000.000001,0.071,1.69,75.66万,21.32,75.52亿,7552000000.0,22.59亿,2259000000.0,52.92亿,5292000000.0,22.64,2.11,10.46亿,1046000000.0000001,1.02亿,102000000.0,8812.83万,88128300.0,2.455,1.907,3.82,0.9
000790,华神科技,医药制造,5.77,35.56亿,3556000000.0,0.020,1.28,22.38万,75.89,11.78亿,1178000000.0,2.53亿,252999999.99999997,9.24亿,924000000.0,82.76,14.92,1.49亿,149000000.0,1555.24万,15552400.0,1171.57万,11715700.0,3.944,3.643,3.48,0.77
002365,永安药业,医药制造,8.96,26.40亿,2640000000.0,0.027,0.44,2.96万,84.15,21.85亿,2185000000.0,3.31亿,331000000.0,18.55亿,1855000000.0,58.68,43.35,3.13亿,313000000.0,1086.46万,10864600.0,784.42万,7844200.0,3.454,3.054,3.4,2.57
900917,海欣Ｂ股,医药制造,0.343,4.14亿,413999999.99999994,0.020,0.56,9276,28.73,53.02亿,5302000000.0,11.46亿,1146000000.0,41.56亿,4156000000.0,80.56,37.53,2.54亿,254000000.0,2588.78万,25887800.000000004,2367.31万,23673100.0,1.568,1.327,3.39,1.67
600851,海欣股份,医药制造,9.16,110.6亿,11060000000.0,0.020,0.56,3.31万,116.76,53.02亿,5302000000.0,11.46亿,1146000000.0,41.56亿,4156000000.0,80.56,37.53,2.54亿,254000000.0,2588.78万,25887800.000000004,2367.31万,23673100.0,1.568,1.327,3.39,1.67
688566,吉贝尔,医药制造,22.52,42.10亿,4210000000.0,0.140,1.70,4058,39.01,17.41亿,1741000000.0,1.38亿,138000000.0,16.03亿,1603000000.0,7.48,3.04,1.20亿,120000000.0,3103.10万,31031000.0,2697.92万,26979200.0,29.32,28.68,3.28,2.04
603367,辰欣药业,医药制造,12.76,57.85亿,5785000000.0,0.240,2.24,4.87万,13.31,60.70亿,6070000000.0,11.59亿,1159000000.0,49.10亿,4910000000.0,2.55,6.21,8.74亿,874000000.0,1.19亿,119000000.0,1.09亿,109000000.00000001,3.501,2.907,3.26,5.02
000705,浙江震元,医药制造,7.29,24.36亿,2436000000.0,0.054,1.03,2.76万,33.62,26.72亿,2672000000.0,8.77亿,877000000.0,17.95亿,1795000000.0,24.08,12.16,8.55亿,855000000.0000001,1989.60万,19896000.0,1811.06万,18110600.0,2.283,1.528,3.06,1.77
002166,莱茵生物,医药制造,7.86,44.43亿,4443000000.0,0.040,1.19,7.36万,51.58,29.67亿,2967000000.0,11.32亿,1132000000.0,18.35亿,1835000000.0000002,32.37,88.96,2.21亿,221000000.0,2936.42万,29364200.0,2153.35万,21533500.0,1.618,0.983,2.93,7.46
603998,方盛制药,医药制造,5.53,23.75亿,2375000000.0,0.055,2.02,2.09万,25.24,22.54亿,2254000000.0,9.58亿,958000000.0,12.96亿,1296000000.0,19.42,27.41,3.37亿,337000000.0,2882.28万,28822800.000000004,2352.53万,23525300.000000004,0.874,0.622,2.6,3.48
600557,康缘药业,医药制造,10.45,61.96亿,6196000000.0,0.140,2.00,3.00万,18.44,59.66亿,5966000000.0,16.14亿,1614000000.0,43.52亿,4352000000.0,4.61,5.27,8.62亿,861999999.9999999,1.01亿,101000000.0,8399.75万,83997500.0,1.816,1.570,2.48,2.67
002817,黄山胶囊,医药制造,10.75,22.97亿,2297000000.0,0.051,1.41,3.13万,53.17,9.74亿,974000000.0,1.98亿,198000000.0,7.75亿,775000000.0,19.76,48.14,1.04亿,104000000.0,1158.23万,11582300.0,1079.95万,10799500.0,4.209,3.633,2.45,5.34
600252,中恒集团,医药制造,3.36,116.8亿,11680000000.0,0.053,2.60,71.75万,16.18,122.59亿,12259000000.0,35.27亿,3527000000.0000005,87.32亿,8732000000.0,16.00,17.32,11.55亿,1155000000.0,2.58亿,258000000.0,1.80亿,180000000.0,1.928,1.723,2.15,2.29
002317,众生药业,医药制造,8.90,72.49亿,7248999999.999999,0.070,1.58,10.67万,31.93,50.02亿,5002000000.0,11.33亿,1133000000.0,38.69亿,3869000000.0,7.66,58.07,6.16亿,616000000.0,6087.60万,60876000.0,5676.30万,56763000.0,3.998,3.464,1.67,8.72
300039,上海凯宝,医药制造,4.93,51.57亿,5157000000.0,0.055,2.20,15.16万,22.52,29.28亿,2928000000.0,2.93亿,293000000.0,26.36亿,2636000000.0,8.59,15.79,3.40亿,340000000.0,6809.78万,68097800.0,5723.72万,57237200.0,9.793,9.077,1.41,2.2
000078,海王生物,医药制造,3.25,89.40亿,8940000000.0,0.033,1.54,27.14万,24.43,419.98亿,41998000000.0,343.65亿,34365000000.0,76.33亿,7633000000.0,15.59,25.65,101.34亿,10134000000.0,2.09亿,209000000.0,9149.62万,91496200.00000001,1.057,0.943,1.31,1.97
002349,精华制药,医药制造,5.72,47.80亿,4780000000.0,0.070,2.65,25.66万,21.09,31.61亿,3161000000.0,6.11亿,611000000.0,25.50亿,2550000000.0,5.07,9.83,3.34亿,334000000.0,7413.71万,74137100.0,5667.79万,56677900.0,2.698,2.119,1.3,1.97
600479,千金药业,医药制造,8.31,34.78亿,3478000000.0,0.091,1.66,3.03万,22.93,42.70亿,4270000000.0000005,14.63亿,1463000000.0,28.08亿,2808000000.0,0.51,13.61,9.12亿,911999999.9999999,5359.00万,53590000.0,3791.74万,37917400.0,2.400,1.973,0.87,3.25
300239,东宝生物,医药制造,6.35,37.75亿,3775000000.0,0.008,0.47,13.71万,203.91,14.26亿,1426000000.0,4.23亿,423000000.00000006,10.03亿,1002999999.9999999,36.59,53.56,1.38亿,138000000.0,593.54万,5935400.0,462.87万,4628700.0,1.394,0.598,0.65,0.92
002900,哈三联,医药制造,24.51,77.60亿,7759999999.999999,1.780,27.17,15.97万,3.44,30.29亿,3029000000.0,6.75亿,675000000.0,23.55亿,2355000000.0,1660.87,-20.30,2.30亿,229999999.99999997,5.64亿,564000000.0,5.63亿,563000000.0,2.500,2.231,,
605507,N国邦,医药制造,46.90,262.1亿,26210000000.000004,0.676,10.90,1.89万,34.70,54.33亿,5433000000.0,17.81亿,1780999999.9999998,36.52亿,3652000000.0000005,-15.43,5.20,22.42亿,2242000000.0,4.37亿,437000000.0,3.78亿,378000000.0,,,,
688366,昊海生科,医药制造,217.07,381.7亿,38170000000.0,0.552,1.75,2.74万,98.37,64.03亿,6403000000.0,5.47亿,547000000.0,58.56亿,5856000000.0,-,149.05,3.83亿,383000000.0,1.15亿,114999999.99999999,9699.27万,96992700.0,9.075,8.453,,
603351,威尔药业,医药制造,18.39,24.03亿,2403000000.0,0.430,4.28,1.14万,21.27,16.84亿,1684000000.0,3.66亿,366000000.0,13.18亿,1318000000.0,-1.66,45.90,4.85亿,484999999.99999994,7599.46万,75994600.0,5649.80万,56498000.0,1.234,0.832,,
688180,君实生物-U,医药制造,61.16,557.0亿,55700000000.0,0.414,6.24,7.76万,36.91,85.52亿,8552000000.0,22.94亿,2294000000.0,62.59亿,6259000000.0,-,838.81,16.15亿,1614999999.9999998,4.61亿,461000000.00000006,3.77亿,377000000.0,3.134,2.901,,
600566,济川药业,医药制造,15.37,136.5亿,13650000000.0,0.494,5.50,5.09万,7.77,111.31亿,11131000000.0,29.29亿,2929000000.0,82.02亿,8202000000.0,-5.40,-4.55,19.16亿,1916000000.0,5.05亿,505000000.0,4.39亿,438999999.99999994,3.371,3.238,,
300573,兴齐眼药,医药制造,98.31,80.94亿,8094000000.0,0.403,4.75,1.92万,60.94,10.46亿,1046000000.0000001,3.14亿,314000000.0,7.32亿,732000000.0,-,150.51,2.07亿,206999999.99999997,4138.96万,41389600.0,3320.63万,33206300.0,1.464,1.164,,
000963,华东医药,医药制造,36.71,642.4亿,64240000000.0,0.433,5.04,36.39万,21.18,260.97亿,26097000000.000004,102.54亿,10254000000.0,158.42亿,15841999999.999998,-33.90,3.47,88.97亿,8897000000.0,9.37亿,936999999.9999999,7.58亿,758000000.0,1.672,1.239,,
000538,云南白药,医药制造,99.24,1268亿,126800000000.0,0.600,1.94,9.12万,41.53,537.97亿,53797000000.0,145.01亿,14501000000.0,392.97亿,39297000000.0,-40.48,33.38,103.28亿,10328000000.0,8.81亿,881000000.0,7.63亿,763000000.0,3.592,2.866,,
300702,天宇股份,医药制造,32.89,114.4亿,11440000000.0,0.384,3.69,10.55万,21.44,49.57亿,4957000000.0,12.56亿,1256000000.0,37.01亿,3701000000.0,-19.84,33.43,7.59亿,759000000.0,1.56亿,156000000.0,1.33亿,133000000.0,2.371,1.457,,
002940,昂利康,医药制造,32.83,31.50亿,3150000000.0,0.340,2.45,2.32万,24.02,18.82亿,1882000000.0,4.76亿,476000000.0,14.06亿,1406000000.0,-21.56,4.28,3.19亿,319000000.0,4064.79万,40647900.0,3278.26万,32782600.000000004,2.864,2.358,,
300558,贝达药业,医药制造,89.51,371.4亿,37140000000.0,0.356,3.51,4.66万,62.85,53.48亿,5348000000.0,10.56亿,1056000000.0,42.93亿,4293000000.0,13.24,-4.41,6.19亿,619000000.0,1.72亿,172000000.0,1.48亿,148000000.0,4.684,4.165,,
300642,透景生命,医药制造,64.50,58.74亿,5874000000.0,0.253,1.03,1.38万,63.82,13.80亿,1380000000.0,8821.31万,88213100.0,12.92亿,1292000000.0,-,310.20,1.19亿,119000000.0,2368.57万,23685700.0,2300.94万,23009400.0,11.97,9.352,,
688656,浩欧博,医药制造,61.49,38.77亿,3877000000.0000005,0.230,2.45,6692,72.68,7.83亿,783000000.0,6694.99万,66949900.0,7.16亿,716000000.0,-,199.47,6099.04万,60990400.0,1459.93万,14599300.0,1333.65万,13336500.0,11.53,10.38,,
600535,天士力,医药制造,12.85,194.4亿,19440000000.0,0.215,2.66,14.05万,15.05,164.35亿,16435000000.0,37.79亿,3779000000.0,126.56亿,12656000000.0,9.53,-55.37,17.64亿,1764000000.0,3.77亿,377000000.0,3.23亿,323000000.0,3.224,2.702,,
600056,中国医药,医药制造,10.99,117.4亿,11740000000.0,0.199,2.11,6.74万,13.79,329.07亿,32907000000.0,204.24亿,20424000000.0,124.83亿,12483000000.0,-19.35,14.52,85.72亿,8572000000.0,3.58亿,358000000.0,2.13亿,213000000.0,1.488,1.082,,
688136,科兴制药,医药制造,35.17,69.88亿,6988000000.0,0.230,2.51,2.60万,37.52,23.31亿,2331000000.0,4.54亿,454000000.0,18.77亿,1877000000.0,-45.49,-19.81,2.77亿,277000000.0,5263.11万,52631100.0,4656.50万,46565000.0,5.230,4.774,,
002393,力生制药,医药制造,20.11,36.69亿,3669000000.0,0.200,0.83,1.44万,25.44,50.61亿,5061000000.0,7.24亿,724000000.0,43.37亿,4337000000.0,5.26,-1.52,3.28亿,328000000.0,4379.13万,43791300.0,3605.45万,36054500.0,4.547,4.075,,
688189,南新制药,医药制造,39.19,54.87亿,5487000000.0,0.176,1.51,1.19万,55.58,22.85亿,2285000000.0,6.35亿,635000000.0,16.50亿,1650000000.0,-6.45,-23.00,2.51亿,250999999.99999997,2508.76万,25087600.000000004,2467.82万,24678200.0,3.494,3.370,,
300966,共同药业,医药制造,51.65,59.54亿,5954000000.0,0.180,2.82,5.39万,97.43,8.27亿,827000000.0,2.72亿,272000000.0,5.55亿,555000000.0,-,284.06,1.42亿,142000000.0,1810.72万,18107200.0,1527.74万,15277400.0,2.363,1.518,,
002675,东诚药业,医药制造,18.72,150.2亿,15019999999.999998,0.193,3.44,7.63万,48.46,75.13亿,7513000000.0,25.38亿,2538000000.0,49.75亿,4975000000.0,-29.32,10.93,18.26亿,1826000000.0000002,2.51亿,250999999.99999997,1.55亿,155000000.0,1.441,0.956,,
600521,华海药业,医药制造,19.00,283.4亿,28339999999.999996,0.171,3.84,23.76万,27.78,129.45亿,12944999999.999998,59.67亿,5967000000.0,69.78亿,6978000000.0,15.60,-4.69,14.97亿,1497000000.0,3.32亿,332000000.0,2.55亿,254999999.99999997,2.376,1.406,,
300497,富祥药业,医药制造,10.82,59.51亿,5951000000.0,0.140,2.44,5.24万,20.02,42.39亿,4239000000.0,11.17亿,1117000000.0,31.22亿,3122000000.0,-11.34,7.60,3.95亿,395000000.0,8858.34万,88583400.0,7430.86万,74308600.0,2.468,2.204,,
603079,圣达生物,医药制造,15.33,26.24亿,2624000000.0,0.140,1.78,1.14万,28.05,18.25亿,1825000000.0,4.78亿,478000000.0,13.47亿,1347000000.0,-62.53,-2.34,1.92亿,192000000.0,2488.20万,24882000.0,2338.90万,23389000.0,2.215,1.799,,
002294,信立泰,医药制造,27.22,303.5亿,30350000000.0,0.139,2.78,6.60万,48.93,69.48亿,6948000000.0,12.01亿,1201000000.0,57.48亿,5748000000.0,3.31,-11.56,7.66亿,766000000.0,1.87亿,187000000.0,1.55亿,155000000.0,2.209,1.783,,
002007,华兰生物,医药制造,37.40,682.3亿,68229999999.99999,0.138,3.35,23.00万,67.47,103.68亿,10368000000.0,19.67亿,1967000000.0000002,84.01亿,8401000000.000001,2.23,-7.99,6.23亿,623000000.0,3.03亿,303000000.0,2.53亿,252999999.99999997,3.956,3.243,,
300584,海辰药业,医药制造,18.57,22.28亿,2228000000.0,0.113,1.97,8465,41.24,9.09亿,909000000.0,2.17亿,217000000.0,6.92亿,692000000.0,-21.30,-2.39,1.62亿,162000000.0,1463.28万,14632800.0,1350.99万,13509900.0,1.667,1.291,,
002880,卫光生物,医药制造,34.56,78.38亿,7838000000.0,0.119,1.67,7172,72.61,17.72亿,1772000000.0,1.22亿,122000000.0,16.51亿,1651000000.0000002,-14.82,-26.82,1.39亿,139000000.0,3186.16万,31861600.0,2698.64万,26986400.0,10.43,5.892,,
600267,海正药业,医药制造,13.39,156.5亿,15650000000.0,0.122,1.85,8.29万,31.12,199.18亿,19918000000.0,128.92亿,12891999999.999998,70.25亿,7025000000.0,-,22.75,30.68亿,3068000000.0,2.33亿,233000000.0,1.26亿,126000000.0,0.701,0.430,,
300233,金城医药,医药制造,33.05,129.0亿,12900000000.0,0.130,1.47,8.25万,63.41,50.57亿,5057000000.0,15.35亿,1535000000.0,35.22亿,3522000000.0,-49.66,-6.41,6.09亿,609000000.0,6670.80万,66708000.0,5085.51万,50855100.0,2.010,1.685,,
603222,济民医疗,医药制造,13.92,47.43亿,4743000000.0,0.117,4.52,4.58万,29.69,25.25亿,2525000000.0,12.03亿,1203000000.0,13.22亿,1322000000.0,-,92.53,2.54亿,254000000.0,4848.34万,48483400.0,3994.33万,39943300.0,1.047,0.909,,
002019,亿帆医药,医药制造,13.73,169.4亿,16940000000.0,0.107,1.55,10.52万,32.03,121.13亿,12113000000.0,32.33亿,3233000000.0,88.80亿,8880000000.0,-59.11,-9.38,12.00亿,1200000000.0,1.48亿,148000000.0,1.32亿,132000000.0,1.850,1.552,,
000423,东阿阿胶,医药制造,30.99,202.7亿,20270000000.0,0.096,0.63,6.26万,82.19,111.96亿,11196000000.0,13.58亿,1358000000.0,98.37亿,9837000000.0,-,67.56,7.33亿,733000000.0,8531.83万,85318300.0,6164.90万,61649000.0,6.793,4.869,,
002399,海普瑞,医药制造,14.98,219.8亿,21980000000.0,0.098,1.23,3.10万,38.30,193.91亿,19391000000.0,75.53亿,7553000000.0,118.39亿,11839000000.0,-43.80,-9.59,12.68亿,1268000000.0,1.82亿,182000000.0,1.43亿,143000000.0,2.783,1.848,,
688575,亚辉龙,医药制造,44.30,179.4亿,17940000000.0,0.093,4.79,3.42万,119.09,13.96亿,1396000000.0,5.95亿,595000000.0,8.01亿,801000000.0,-,85.46,2.36亿,236000000.0,4332.18万,43321800.0,3766.49万,37664900.0,1.366,0.810,,
000534,万泽股份,医药制造,13.98,69.20亿,6920000000.0,0.090,4.31,6.49万,39.26,20.95亿,2095000000.0,10.37亿,1036999999.9999999,10.58亿,1058000000.0,-2.36,-18.00,1.39亿,139000000.0,5048.12万,50481200.0,4406.07万,44060700.0,1.142,1.049,,
002411,延安必康,医药制造,8.01,122.7亿,12270000000.0,0.074,1.33,66.04万,26.97,195.52亿,19552000000.0,104.37亿,10437000000.0,91.16亿,9116000000.0,117.95,-11.45,14.44亿,1444000000.0,1.36亿,136000000.0,1.14亿,113999999.99999999,0.861,0.762,,
000919,金陵药业,医药制造,6.84,34.47亿,3447000000.0,0.069,1.22,4.22万,24.62,43.02亿,4302000000.0,8.25亿,825000000.0,34.77亿,3477000000.0000005,-,36.55,7.02亿,702000000.0,5585.45万,55854500.0,3499.96万,34999600.0,2.690,2.409,,
603439,贵州三力,医药制造,12.69,51.69亿,5169000000.0,0.060,2.36,3.82万,55.13,13.06亿,1306000000.0,3.00亿,300000000.0,10.05亿,1005000000.0000001,-9.41,-12.36,1.29亿,129000000.0,2787.76万,27877600.000000004,2344.10万,23441000.0,3.514,3.258,,
000952,广济药业,医药制造,7.74,26.86亿,2686000000.0,0.056,1.00,4.08万,48.52,19.51亿,1951000000.0000002,5.72亿,572000000.0,13.79亿,1379000000.0,-,32.16,1.76亿,176000000.0,1786.88万,17868800.0,1383.83万,13838300.0,1.613,1.252,,
300381,溢多利,医药制造,9.30,45.58亿,4558000000.0,0.052,0.85,6.10万,44.89,46.81亿,4681000000.0,13.70亿,1370000000.0,33.10亿,3310000000.0,35.38,-1.27,3.97亿,397000000.0,4022.37万,40223700.0,2537.91万,25379100.0,1.986,0.990,,
300194,福安药业,医药制造,4.20,49.97亿,4997000000.0,0.050,1.49,13.98万,20.30,61.17亿,6117000000.0,14.98亿,1498000000.0,46.19亿,4619000000.0,-10.04,13.52,6.49亿,649000000.0,6808.22万,68082200.0,6153.00万,61530000.0,1.811,1.269,,
002589,瑞康医药,医药制造,3.89,58.53亿,5853000000.0,0.050,1.09,12.35万,17.92,323.65亿,32364999999.999996,218.02亿,21802000000.0,105.63亿,10563000000.0,-13.03,0.02,57.65亿,5765000000.0,2.46亿,246000000.0,8165.78万,81657800.0,1.233,1.109,,
300049,福瑞股份,医药制造,17.04,44.82亿,4482000000.0,0.049,0.92,10.44万,89.19,22.65亿,2265000000.0,6.52亿,652000000.0,16.13亿,1613000000.0,18.97,-13.61,1.77亿,177000000.0,2322.57万,23225700.0,1256.44万,12564400.0,4.479,4.011,,
603669,灵康药业,医药制造,9.75,69.56亿,6956000000.0,0.049,2.34,13.24万,49.54,27.51亿,2751000000.0,12.36亿,1236000000.0,15.15亿,1515000000.0,-46.82,5.50,2.74亿,274000000.0,4313.13万,43131300.0,3510.65万,35106500.0,2.891,2.781,,
600833,第一医药,医药制造,8.50,18.96亿,1896000000.0,0.045,1.36,7280,47.16,12.45亿,1245000000.0,4.98亿,498000000.00000006,7.47亿,747000000.0,-46.07,-34.19,3.30亿,330000000.0,1475.15万,14751500.0,1005.25万,10052500.0,1.767,1.234,,
600222,太龙药业,医药制造,6.98,40.06亿,4006000000.0,0.048,1.81,13.83万,37.28,37.39亿,3739000000.0,19.36亿,1936000000.0,18.03亿,1803000000.0,-24.92,2.33,4.16亿,416000000.0,3062.00万,30620000.0,2686.35万,26863500.0,1.306,1.070,,
605116,奥锐特,医药制造,13.93,55.86亿,5586000000.0,0.080,2.32,8269,42.87,15.60亿,1560000000.0,1.42亿,142000000.0,14.18亿,1418000000.0,-34.86,3.11,1.86亿,186000000.0,4017.41万,40174100.0,3257.34万,32573400.0,,,,
002424,贵州百灵,医药制造,6.88,97.09亿,9709000000.0,0.040,1.59,8.30万,38.99,65.91亿,6591000000.0,26.19亿,2619000000.0,39.72亿,3972000000.0,-26.23,-3.10,7.53亿,753000000.0,7277.10万,72771000.0,6225.61万,62256100.0,1.763,1.413,,
002082,万邦德,医药制造,11.48,70.97亿,7097000000.0,0.040,1.05,2.63万,64.35,42.08亿,4208000000.0,14.03亿,1403000000.0,28.05亿,2805000000.0,-42.32,-77.27,5.82亿,582000000.0,1.96亿,196000000.0,2757.21万,27572100.0,2.343,2.126,,
002581,未名医药,医药制造,17.79,117.4亿,11740000000.0,0.037,1.15,32.76万,120.30,24.91亿,2491000000.0,2.76亿,276000000.0,22.15亿,2215000000.0,-,-18.96,8256.48万,82564800.0,2080.14万,20801400.0,2439.14万,24391400.0,3.278,2.966,,
300147,香雪制药,医药制造,7.66,50.66亿,5066000000.0,0.037,0.68,12.79万,51.44,98.79亿,9879000000.0,55.94亿,5594000000.0,42.85亿,4285000000.0,-69.51,-0.87,7.91亿,791000000.0,3376.03万,33760300.0,2462.31万,24623100.0,0.854,0.651,,
002390,信邦制药,医药制造,9.01,182.7亿,18270000000.0,0.036,1.46,27.07万,63.26,96.58亿,9658000000.0,44.11亿,4411000000.0,52.47亿,5247000000.0,-,17.21,14.60亿,1460000000.0,9095.83万,90958300.0,7218.11万,72181100.0,1.392,1.203,,
300006,莱美药业,医药制造,9.02,95.24亿,9524000000.0,0.035,1.82,46.17万,147.01,30.93亿,3093000000.0,7.66亿,766000000.0,23.27亿,2327000000.0,-,2.23,6.12亿,612000000.0,3894.49万,38944900.0,3239.27万,32392700.0,2.784,2.449,,
600664,哈药股份,医药制造,3.10,78.05亿,7805000000.0,0.033,2.35,34.10万,23.55,117.86亿,11786000000.0,77.10亿,7709999999.999999,40.76亿,4076000000.0,-,18.68,29.80亿,2980000000.0,1.33亿,133000000.0,8286.98万,82869800.0,1.084,0.842,,
603880,南卫股份,医药制造,7.09,20.75亿,2075000000.0,0.031,1.30,4.61万,56.84,11.28亿,1128000000.0,4.12亿,412000000.0,7.15亿,715000000.0,-3.23,41.07,1.42亿,142000000.0,886.57万,8865700.0,912.80万,9128000.0,1.655,1.285,,
600129,太极集团,医药制造,19.39,108.0亿,10800000000.0,0.040,0.77,8.22万,108.39,136.17亿,13616999999.999998,104.31亿,10431000000.0,31.86亿,3186000000.0,-,22.91,32.97亿,3297000000.0,3426.61万,34266100.0,2490.53万,24905300.000000004,0.891,0.593,,
000813,德展健康,医药制造,4.12,92.35亿,9235000000.0,0.029,1.08,16.12万,35.97,64.67亿,6467000000.0,4.55亿,455000000.0,60.11亿,6011000000.0,-29.90,-55.01,2.12亿,212000000.0,7077.42万,70774200.0,6418.19万,64181899.99999999,11.53,10.84,,
300404,博济医药,医药制造,12.40,32.40亿,3240000000.0,0.028,1.64,3.63万,109.93,7.60亿,760000000.0,2.64亿,264000000.0,4.96亿,496000000.0,-,165.36,5524.53万,55245300.0,1111.23万,11112300.0,736.92万,7369200.0,1.573,1.150,,
002826,易明医药,医药制造,8.65,16.54亿,1654000000.0,0.028,0.76,9027,78.62,8.76亿,876000000.0,1.83亿,183000000.0,6.93亿,693000000.0,-11.89,64.65,1.58亿,158000000.0,641.99万,6419900.0,525.91万,5259100.0,2.342,2.171,,
000908,景峰医药,医药制造,4.65,40.91亿,4090999999.9999995,0.031,6.01,25.18万,37.13,26.01亿,2601000000.0,19.61亿,1961000000.0,6.40亿,640000000.0,1894.28,-60.73,1.21亿,121000000.0,2150.48万,21504800.0,2754.62万,27546200.0,0.539,0.401,,
002099,海翔药业,医药制造,8.05,130.3亿,13030000000.000002,0.040,0.97,17.02万,56.96,75.17亿,7517000000.0,15.52亿,1552000000.0,59.65亿,5965000000.0,-45.60,11.63,6.42亿,642000000.0,7049.74万,70497400.0,5718.79万,57187900.0,2.555,2.055,,
300199,翰宇药业,医药制造,5.27,48.32亿,4832000000.0,0.026,1.42,5.88万,51.48,43.18亿,4318000000.0,25.95亿,2595000000.0,17.23亿,1723000000.0,4.66,-6.91,1.79亿,179000000.0,2381.47万,23814699.999999996,2346.60万,23466000.0,1.292,1.123,,
300267,尔康制药,医药制造,3.86,79.62亿,7962000000.0,0.026,0.91,15.90万,37.53,68.24亿,6823999999.999999,9.51亿,951000000.0,58.73亿,5873000000.0,145.07,-12.99,3.84亿,384000000.0,6703.20万,67032000.0,5302.88万,53028800.0,3.238,2.356,,
600488,天药股份,医药制造,4.10,45.13亿,4513000000.0,0.023,0.85,5.59万,44.39,63.48亿,6348000000.0,25.20亿,2520000000.0,38.28亿,3828000000.0,-37.04,0.74,8.47亿,847000000.0000001,6318.65万,63186500.0,2541.82万,25418200.0,1.120,0.478,,
300142,沃森生物,医药制造,86.85,1360亿,136000000000.0,0.021,0.48,85.99万,1057.43,102.91亿,10291000000.0,18.75亿,1875000000.0,84.15亿,8415000000.000001,-,286.45,4.34亿,434000000.0,9444.27万,94442700.0,3215.88万,32158800.0,3.622,3.240,,
000597,东北制药,医药制造,5.18,69.82亿,6981999999.999999,0.029,0.97,7.44万,45.12,133.59亿,13359000000.0,90.88亿,9088000000.0,42.72亿,4272000000.0,-,4.17,20.20亿,2020000000.0,5303.68万,53036800.0,3868.20万,38682000.0,0.839,0.681,,
600530,交大昂立,医药制造,3.23,25.19亿,2519000000.0,0.021,1.93,5.94万,38.64,13.71亿,1371000000.0,4.79亿,479000000.0,8.92亿,892000000.0,-9.95,10.66,9285.49万,92854900.0,1941.65万,19416500.0,1630.25万,16302500.0,1.352,1.140,,
002102,ST冠福,医药制造,2.61,68.74亿,6873999999.999999,0.020,2.01,53.21万,32.33,93.50亿,9350000000.0,58.59亿,5859000000.0,34.91亿,3490999999.9999995,-36.50,55.62,29.88亿,2988000000.0,8366.63万,83666299.99999999,5315.47万,53154700.0,0.606,0.283,,
600572,康恩贝,医药制造,4.34,115.8亿,11580000000.0,0.020,0.95,16.97万,60.50,89.19亿,8919000000.0,34.87亿,3486999999.9999995,54.32亿,5432000000.0,-73.76,-5.22,15.91亿,1591000000.0,9907.60万,99076000.0,4783.73万,47837299.99999999,1.334,1.008,,
300289,利德曼,医药制造,8.32,35.03亿,3503000000.0,0.015,0.50,69.03万,139.69,16.05亿,1605000000.0,2.14亿,214000000.0,13.91亿,1391000000.0,-,107.27,1.16亿,115999999.99999999,1333.92万,13339200.0,626.97万,6269700.0,5.764,4.953,,
002898,赛隆药业,医药制造,9.13,16.07亿,1607000000.0,0.012,0.35,6729,194.68,8.67亿,867000000.0,2.78亿,278000000.0,5.89亿,589000000.0,-,111.28,6829.44万,68294400.0,358.92万,3589200.0,206.35万,2063500.0,1.330,1.071,,
300436,广生堂,医药制造,36.41,57.81亿,5781000000.0,0.011,0.31,1.10万,816.51,9.99亿,999000000.0,4.13亿,413000000.0,5.85亿,585000000.0,-3.51,13.86,9492.96万,94929599.99999999,95.84万,958400.0,177.01万,1770100.0,0.791,0.596,,
002562,兄弟科技,医药制造,3.71,39.43亿,3943000000.0,0.010,0.37,8.70万,88.61,54.04亿,5404000000.0,23.77亿,2377000000.0,30.27亿,3027000000.0,-43.95,50.48,6.89亿,689000000.0,1147.49万,11474900.0,1112.48万,11124800.0,1.419,0.944,,
600080,金花股份,医药制造,6.91,25.79亿,2579000000.0,0.020,0.44,4.57万,85.41,19.08亿,1907999999.9999998,1.79亿,179000000.0,17.29亿,1729000000.0,-,-0.90,1.07亿,107000000.0,1159.90万,11599000.0,754.97万,7549700.0,5.049,4.819,,
600771,广誉远,医药制造,39.65,195.1亿,19510000000.0,0.010,0.21,49.85万,943.34,36.08亿,3608000000.0,11.34亿,1134000000.0,24.74亿,2474000000.0,-81.25,-15.51,1.90亿,190000000.0,701.91万,7019100.0,516.99万,5169900.0,2.441,2.112,,
002437,誉衡药业,医药制造,2.53,55.61亿,5561000000.0,0.010,1.18,10.41万,63.47,48.70亿,4870000000.0,29.13亿,2913000000.0,19.57亿,1957000000.0,-96.67,21.38,7.05亿,705000000.0,3286.54万,32865400.0,2190.49万,21904899.999999996,0.777,0.643,,
300111,向日葵,医药制造,3.30,36.95亿,3695000000.0000005,0.005,3.76,38.95万,160.39,5.28亿,528000000.0,2.54亿,254000000.0,2.75亿,275000000.0,-41.68,-27.11,5100.28万,51002800.0,374.02万,3740200.0,576.01万,5760100.0,2.229,1.743,,
002750,龙津药业,医药制造,7.26,29.08亿,2908000000.0,0.007,0.41,2.00万,275.74,9.94亿,994000000.0,2.74亿,274000000.0,7.19亿,719000000.0,-,398.23,2.06亿,206000000.0,46.28万,462800.0,263.62万,2636200.0,2.855,2.345,,
300534,陇神戎发,医药制造,6.77,20.54亿,2054000000.0,0.001,0.03,10.04万,2684.47,8.20亿,819999999.9999999,8067.80万,80678000.0,7.39亿,739000000.0,-8.54,2.78,4915.35万,49153500.0,28.48万,284800.0,19.13万,191300.0,5.069,4.339,,
688505,复旦张江,医药制造,16.23,169.3亿,16930000000.000002,0.000,0.25,2.68万,826.99,24.12亿,2412000000.0,3.97亿,397000000.0,20.15亿,2014999999.9999998,-,263.52,1.26亿,126000000.0,205.71万,2057100.0,511.73万,5117300.0,5.716,5.592,,
688520,神州细胞-U,医药制造,69.27,301.6亿,30160000000.000004,-0.440,-38.42,3.76万,-39.16,15.43亿,1543000000.0,11.34亿,1134000000.0,4.08亿,408000000.0,-,-,-,0.0,-1.93亿,-193000000.0,-1.92亿,-192000000.0,1.898,1.796,,
000504,南华生物,医药制造,20.34,63.37亿,6337000000.0,0.003,3.54,2.79万,1655.38,5.54亿,554000000.0,4.18亿,418000000.0,1.36亿,136000000.0,-,79.02,3313.15万,33131500.0,227.50万,2275000.0,95.71万,957099.9999999999,1.146,1.109,,
688177,百奥泰-U,医药制造,28.15,116.6亿,11660000000.0,-0.260,-5.59,2.03万,-26.70,22.67亿,2267000000.0,3.71亿,371000000.0,18.96亿,1896000000.0,-,205.70,6030.37万,60303700.0,-1.09亿,-109000000.00000001,-1.09亿,-109000000.00000001,3.671,3.522,,
600518,*ST康美,医药制造,2.94,146.2亿,14619999999.999998,-0.121,-,27.92万,-6.14,361.20亿,36120000000.0,437.77亿,43777000000.0,-76.56亿,-7656000000.0,-,-7.01,10.88亿,1088000000.0,-6.00亿,-600000000.0,-5.95亿,-595000000.0,0.938,0.551,,
300254,仟源医药,医药制造,6.86,15.64亿,1564000000.0,0.004,0.15,4.17万,383.86,17.44亿,1744000000.0000002,8.83亿,883000000.0,8.61亿,861000000.0,-,47.70,2.23亿,223000000.0,550.69万,5506900.000000001,101.85万,1018500.0,1.195,0.907,,
688266,泽璟制药-U,医药制造,66.62,159.9亿,15990000000.0,-0.330,-5.03,1.00万,-50.14,19.16亿,1916000000.0,3.00亿,300000000.0,16.15亿,1614999999.9999998,-,-,-,0.0,-8395.42万,-83954200.0,-7971.30万,-79713000.0,9.786,9.610,,
688578,艾力斯-U,医药制造,28.07,126.3亿,12630000000.0,-0.100,-1.55,1.66万,-71.29,29.55亿,2955000000.0,1.02亿,102000000.0,28.53亿,2853000000.0,-,3.09万,3676.77万,36767700.0,-4429.89万,-44298900.0,-4429.89万,-44298900.0,28.29,28.13,,
002433,太安堂,医药制造,5.24,40.18亿,4018000000.0,-0.080,-1.14,23.02万,-16.97,88.77亿,8877000000.0,35.22亿,3522000000.0,53.55亿,5355000000.0,-478.19,3.80,7.76亿,776000000.0,-6681.06万,-66810600.00000001,-5918.54万,-59185400.0,1.310,0.368,,
002872,ST天圣,医药制造,4.91,15.61亿,1561000000.0,-0.080,-1.09,9124,-15.43,36.07亿,3607000000.0,12.42亿,1242000000.0,23.65亿,2365000000.0,-,14.37,3.34亿,334000000.0,-2507.97万,-25079699.999999996,-2529.60万,-25296000.0,1.561,1.208,,
300086,康芝药业,医药制造,5.88,26.46亿,2646000000.0,-0.066,-2.01,21.39万,-22.14,25.56亿,2556000000.0,9.85亿,985000000.0,15.72亿,1572000000.0,-,9.28,1.86亿,186000000.0,-2904.64万,-29046400.0,-2987.81万,-29878100.0,1.290,0.861,,
600781,ST辅仁,医药制造,3.70,23.20亿,2320000000.0,-0.060,-0.97,10.91万,-15.08,108.83亿,10883000000.0,69.08亿,6908000000.0,39.75亿,3975000000.0,-251.93,-8.57,4.94亿,494000000.00000006,-3505.99万,-35059900.0,-3846.64万,-38466400.0,1.102,1.019,,
688221,前沿生物-U,医药制造,20.51,73.79亿,7379000000.000001,-0.120,-2.11,8.39万,-41.16,24.87亿,2487000000.0,3.90亿,390000000.0,20.97亿,2097000000.0,-,504.39,576.51万,5765100.0,-4681.72万,-46817200.0,-4481.89万,-44818900.0,14.04,13.92,,
603963,大理药业,医药制造,7.12,15.64亿,1564000000.0,0.001,0.04,1.13万,2062.43,5.88亿,588000000.0,1.16亿,115999999.99999999,4.71亿,471000000.0,-,9.99,4899.93万,48999300.0,28.03万,280300.0,18.96万,189600.0,4.360,3.597,,
300108,吉药控股,医药制造,4.29,28.57亿,2857000000.0,-0.052,-362.93,42.65万,-20.80,27.00亿,2700000000.0,27.09亿,2709000000.0,-827.82万,-8278200.000000001,-,17.16,1.65亿,165000000.0,-3485.18万,-34851800.0,-3433.61万,-34336100.0,0.436,0.291,,
688336,三生国健,医药制造,20.47,126.1亿,12610000000.0,-0.050,-0.70,1.74万,-100.68,48.23亿,4823000000.0,3.40亿,340000000.0,44.83亿,4483000000.0,-,189.32,1.55亿,155000000.0,-5218.15万,-52181500.0,-3132.08万,-31320800.0,15.49,14.19,,
000566,海南海药,医药制造,4.88,63.31亿,6331000000.0,-0.117,-4.17,11.37万,-10.47,97.08亿,9708000000.0,59.00亿,5900000000.0,38.08亿,3808000000.0,-,8.48,5.45亿,545000000.0,-1.56亿,-156000000.0,-1.51亿,-151000000.0,0.951,0.880,,
002118,紫鑫药业,医药制造,2.65,33.94亿,3394000000.0,-0.080,-2.69,11.44万,-8.52,104.58亿,10458000000.0,68.17亿,6817000000.0,36.41亿,3640999999.9999995,-,5.07,6168.50万,61685000.0,-1.01亿,-101000000.0,-9957.72万,-99577200.0,1.469,0.220,,
688185,康希诺-U,医药制造,602.00,1490亿,149000000000.0,-0.060,-0.23,1.74万,-2638.57,75.23亿,7523000000.0,14.09亿,1409000000.0,61.14亿,6114000000.0,-,1.15万,4.67亿,467000000.0,-1575.20万,-15752000.0,-1411.41万,-14114100.0,5.964,5.615,,
000766,通化金马,医药制造,4.94,47.74亿,4774000000.0,0.004,0.18,9.82万,293.22,50.06亿,5006000000.0,26.97亿,2697000000.0,23.09亿,2309000000.0,-,152.88,3.83亿,383000000.0,292.33万,2923300.0,407.08万,4070800.0,1.923,1.413,,
688670,N金迪克,医药制造,82.91,72.96亿,7295999999.999999,-0.060,-2.60,12.35万,-344.50,7.90亿,790000000.0,5.52亿,552000000.0,2.37亿,237000000.0,-227.01,-26.99,3004.48万,30044800.0,-619.72万,-6197200.0,-529.47万,-5294700.0,0.994,0.907,,
002219,*ST恒康,医药制造,2.87,53.53亿,5353000000.0,-0.025,-42.85,7.89万,-28.33,48.25亿,4825000000.0,47.16亿,4716000000.0,1.09亿,109000000.00000001,-,26.99,6.98亿,698000000.0,-4419.55万,-44195500.0,-4723.58万,-47235800.0,0.295,0.253,,
600671,ST目药,医药制造,9.55,11.63亿,1163000000.0,-0.025,-4.30,5755,-94.74,4.41亿,441000000.0,3.51亿,351000000.0,8997.92万,89979200.0,-,-30.16,3891.42万,38914200.0,-328.81万,-3288100.0,-306.90万,-3069000.0,0.881,0.636,,
688321,微芯生物,医药制造,39.34,161.6亿,16160000000.0,-0.018,-0.49,2.98万,-550.05,17.98亿,1798000000.0,3.04亿,304000000.0,14.93亿,1493000000.0,-241.44,130.06,7530.46万,75304600.0,-883.59万,-8835900.0,-734.38万,-7343800.0,3.685,3.607,,
000518,四环生物,医药制造,3.48,35.83亿,3583000000.0,-0.013,-2.09,17.15万,-67.51,8.23亿,823000000.0,1.53亿,153000000.0,6.70亿,670000000.0,-228.70,-54.85,7088.49万,70884900.0,-1506.36万,-15063599.999999998,-1326.79万,-13267900.0,5.846,1.714,,
000931,中 关 村,医药制造,6.10,45.94亿,4594000000.0,-0.009,-0.39,3.48万,-173.58,33.83亿,3383000000.0,14.65亿,1465000000.0,19.18亿,1918000000.0,-,27.73,4.18亿,418000000.0,367.50万,3675000.0,-661.66万,-6616600.0,1.461,1.106,,
300583,赛托生物,医药制造,22.11,23.71亿,2371000000.0,-0.050,-0.33,5094,-110.37,30.11亿,3011000000.0,13.26亿,1326000000.0,16.85亿,1685000000.0000002,-,22.60,2.72亿,272000000.0,-495.54万,-4955400.0,-537.13万,-5371300.0,1.093,0.614,,
600812,华北制药,医药制造,10.07,172.8亿,17280000000.0,-0.033,-0.94,11.04万,-75.51,247.45亿,24745000000.0,177.40亿,17740000000.0,70.04亿,7004000000.000001,-185.74,17.08,27.13亿,2713000000.0,-3688.80万,-36888000.0,-5719.99万,-57199900.0,0.975,0.795,,
600385,*ST金泰,医药制造,5.53,8.19亿,819000000.0,-0.026,-33.45,4374,-52.32,1.31亿,131000000.0,1.23亿,123000000.0,824.23万,8242300.0,-,7.15,1295.45万,12954500.0,-338.47万,-3384700.0000000005,-391.37万,-3913700.0,0.793,0.695,,
002370,亚太药业,医药制造,4.58,24.58亿,2458000000.0,-0.045,-3.69,6.90万,-25.66,19.47亿,1947000000.0,13.10亿,1310000000.0,6.37亿,637000000.0,-,-46.84,7899.48万,78994800.0,-2394.13万,-23941300.0,-2394.13万,-23941300.0,4.296,3.980,,
300204,舒泰神,医药制造,11.90,56.65亿,5665000000.0,-0.040,-1.27,13.27万,-71.14,17.98亿,1798000000.0,2.56亿,256000000.0,15.42亿,1542000000.0,-,110.37,1.15亿,114999999.99999999,-1987.37万,-19873700.0,-1990.81万,-19908100.0,4.511,4.292,,
002693,双成药业,医药制造,4.06,16.73亿,1673000000.0,-0.008,-0.69,1.89万,139.47,8.53亿,852999999.9999999,2.63亿,263000000.0,5.90亿,590000000.0,-,57.10,8375.95万,83759500.0,-816.68万,-8166799.999999999,-337.76万,-3377600.0,1.789,1.137,,
